section   2278391       2280121       -2    Phage-like_protein              PP_02079;ABC transporter;phage(gi9630145);PHAGE_Bacill_SPbeta_NC_001884   5.15e-24   MLKFVKFIGKKASLSLFCCFLSSLFLGGLEIFIAFFIQIFLVSLGLINNQLSLFNFQLSNFSINYAIILLILIGFFRFLLQFFAAHFSIYSLELVNTRLRSVVVYNVLFTKSVNSIEVSEANFKISEIFPKTLLFFHHLIYFLGFFLQLIVLLFCMFYSSWKDSCVAIFGIFLIGILVLYVNKRIKNISDKVPKEQSAINYSLSNVFKNLLFIKIMKTENMENKSLINSILHYSSFSIKCGFLNNFSYTITPFFGILLLVVIVLTSQHLWHTSPLILLSFIYLLIRFIQNLSSFVNSYGFLGIYYPQFKNSINYFFSCSESIRNEAVSYSSFLKFNGRIKLNKLQQFLNEDKYILTQYNSNINEIPPKISFNNVTFNYPNSANSVFKTFNFQVESGSQIGIIGPSGSGKSTILFLLLGILKPSEGDIKIDNLTPEEFLNNPKNRIGYVGPDPFLIKGTIKENLCYGISFDVSDEEIYNALESVALKDFIDLKGLDYQIAEDQSGLSSGQKQRICLARAILNKPRLLVLDEATANLDDATEQEIAKVLLNLKNKCTIVIVSHRPGILKWADNIITLQ
section   2280218       2280904       -3    Hypothetical_protein            PP_02080;hypothetical protein;phage(gi100114);PHAGE_Synech_S_T4_NC_048049   2.03e-06   MRETSKTNQIRGEDFLKKYLSGKVIDIGSGDDLVCLTAERFDKYEGDANHITKYREPNTYDAVHSSHCLEHMLNPKNALEEWWKLIKPGGFLVLVVPDEDLYEQGFWPSRFNRDHKVTFTIRKEKSWSPVSYNIFDLVESLPSSEVISIELQDKNYNYQLQTKYPPPPIAKINIVRRAVRRIIRLLICNQSWWEKMENRRFYTHNVPVDQTMREAVAQIQVIVRKVEN
section   2281409       2282149       -2    Phage-like_protein              PP_02081;IS21 transposition protein;phage(gi557307613);PHAGE_Entero_fiAA91_ss_NC_022750   7.50e-28   MFQQAKNLAQKLRLPGFLENMERRCAEFESGNLSPSEFLSLLLSDEANSRKNKLNKRLESIARFRHRIDLEDWDASFDRGISKAKMKEIFQLSFLHNRENLIILGKTGEGKTHLAIGIGRRACQESSGVLFSSVNFFLEEAIATKASGKYLAWVKTITKKEILIFDDFALRQYNHEEAGIILDILEERQRKSITIVTSQVHPDGWIKLFEDPVIAEAIVDRLRNPSQIITLKGGSYREKLKITKKD
section   2282165       2283694       -4    Transposase                     PP_02082;IS21 transposase;phage(gi557307612);PHAGE_Entero_fiAA91_ss_NC_022750   8.32e-18   MRRKGRVSMEKLGQILQMREKRRSIRTIARCLHMSRKTVKKYLQENLHKECLNKNIQYQTHSPNDKLNPDDIPNWAQEIDIELVLKELGKGISYKVLYEELKPTISYFSFWRFFRKLYGLKRQNISIRIIHKPGEKTYVDFCDGIQIFDELTGEVIKTHLFVATLPFSQYTFAEFTLDQKLETFIELHDKTWEFFGGVTDYTVPDNLKSAVSKAHRYDPDCNKSFCEYANHVGFAVLPARPYKPRDKASVEGNIHHIQKSFFQRVRNKKYQTLFELNQDFKIFLKEFNNSIMKDYGVSRKERFSTEEAYLKAVPAEKFQLFNWKIAKVHPDCHIQVEKNFYSVPFHFAGKEVRVRYSKNYLEVFSSNGELLSSHKKIKGIGKSSTDPGHWPQEKQRYLSFDINKAKLEAKKIGENTYKLIDFLFSQSHPLRFLRPVQGMLRLVYSNKFNKEDMEYAAKMAFSHKIYRLSYITDCCIFHVNGGAKPRATQAPIRTLNTIHLHQSKEKIFN
section   2283992       2284144       +4    Transposase                     PP_02083;ISxac3 transposase;phage(gi21231086);PROPHAGE_Xantho_33913      1.76e-10   LILDCFSRAIVGWSMSDKINSELVTSAIQHAISFRKPGKGVIFHSDIGSQ
section   2284196       2284339       +4    Transposase                     PP_02084;transposase insF;phage(gi26250329);PROPHAGE_Escher_CFT073       2.19e-08   MSNADNCYDNTISELFFATLKTELIHKCNFLSRKEVRTSIFEFIEVF
section   2284513       2285322       +2    Hypothetical_protein            PP_02085; hypothetical                                                   N/A        MIPKIIHYCWFGGKSLPDHLNEYIGTWRKFCPDYDIKLWNEETFDVSSHIFTKTAYDKKIYAYVSDYVRAYALNLYGGIYLDTDVELKANLDSFLEHDAFTGFETEGVPFTAVWGTKTNHSLTKKVLNFYNGLVYHELLEPNTVSVSRILISEFCIDERLNQKQIGFDGVDSVHVYPAETFCLDLERNVATHHFEGSWVPNKKYSYKEHLHSQYYFSNFLRHKTADKNYYLKKIALTLTLSQVFKIFIYHFYYRFTPKHFKYIISYFRR
section   2285475       2285588       -2    Hypothetical_protein            PP_02086; hypothetical                                                   N/A        MTFYLFFATLKTELIHKCNFLSRKEVRTSIFEFIEVF
section   2285792       2287294       -4    Transposase                     PP_02087;ISPpu15, transposase Orf2;phage(gi26990787);PROPHAGE_Pseudo_KT2440   5.36e-40   LIQLHEKFIKENINIKNENMSLKNEIVDLKNYTKILEEKIVIIEGQLVLFKSKLFRKKSEKSPQEKKYNQEPNSKSKKKRGHYSLLPSERYPEAAIIERHIEFKDNPNCSCCGYTMEDSGMTEDSEYLTVVPKDYYIVRQRRHKYRCSQCHGDIKTAPSAARIIPGSAYGDELIIDVAMAKYCDLVPIERYSTIAGREGFVDLPPNSLIGTTHKLADYVQPAVDKIKEEILSSPVLHADETPHSMLEGDEKKSWYLWGFSNNESSYFEIRNTRSGDVASELLTQSQCQYLVSDVFSGYEKAVKESNKIREQNCQPQIHSVYCNAHSRRKFKEAEESFPEETQYFIKSYQKIYQLEKEGQNEIGTLTEKREAMNAIFEDMRKTATLQKDNFSSKSTLVTASNYFLKNYSGLTLFLTNSALPIDNNHQERQLRNPVIGRKTWHGTHSKQGAKTTAIFFTLVESCKLNKINPRHYFKKLVASLHAGKPAFTPKEFKAMPLDTG
section   2287381       2287761       -5    Tail_protein                    PP_02088;tail tip protein;phage(gi100054);PHAGE_Stx2_c_Stx2a_F451_NC_049924   2.90e-18   MLSFNRRTKIYVYKEPTDMRESYDGLFYKAKKLLKKDPFSGHLFLFINKRRTSCKCLYYDGTGLVIVAKRLEEGLFSRINPLYKKEVVLTQAEFSLFFEGANLEKRFIESPIEIKKVARKLKALNL
section   2287821       2288204       -2    Hypothetical_protein            PP_02089; hypothetical                                                   N/A        MDNVTLRRKLSTYLSSKGYLKNVPEDLLYEILIAWENWTSSSKEFYSSLGFTQTQMAALIGKAKKLKREGYFGDGDFKQIQVSQEINVPSDFVSSNTCSAAEIVMSDGKIIRFTQIDYLLDFLKKSA
section   2288390       2288542       -4    Transposase                     PP_02090;ISxac3 transposase;phage(gi21231086);PROPHAGE_Xantho_33913      1.76e-10   LILDCFSRAIVGWSMSDKINSELVTSAIQHAISFRKPGKGVIFHSDIGSQ
section   2288837       2289667       -4    Transposase                     PP_02091;ISPpu15, transposase Orf2;phage(gi26990787);PROPHAGE_Pseudo_KT2440   4.80e-57   MMACAEAVAPLVAEIKRYILSQPVIHCDETHVQVLAGTNKKPTSKSYMWVLASAKDAHPASVFQFYPDRSQASALDFLKSYKGFLHVDGYDGYSQVCSQLSVTRVACWAHVRRKFESAFKEGAPAGKSLAELFLTEIQSLLEKEIESLSALEKQNMRLEKATPIIQNIRKLIDENVNKVLPRSKLGDAFGYISNEWPHLLHFLGNGLIALSNNKVENAIRPFAIGRKNWLFSYSTRGAQASAILYSLIATAKDHDLHVEEYLNDLFLNITLLKKSP
section   2289838       2290086       -2    Hypothetical_protein            PP_02092; hypothetical                                                   N/A        MEKIGFPKNLPDEFKSYFVAAFNEINRLKEVVNTLSRIAFSQRSEKYVKYEFMSPEGTLFNEAENLLKHDQNLTLGNETAAP
section   2290350       2290565       -4    Transposase                     PP_02093;ISPpu15, transposase Orf1;phage(gi26990788);PROPHAGE_Pseudo_KT2440   2.62e-12   MKGFRDFLNIYLCLQPVDFRKGIYGLVNLIKHELQEEPFSGTLFIFTNKNRKNIRAVYWNKTGFAMWSKA
section   2290562       2290801       -2    Hypothetical_protein            PP_02094; hypothetical                                                   N/A        LYKWIKLNKEKSNFNFISVTIKQDCDHIVQHEYETKDNFINNKILDHSEIKIEINAGIVVKVPSIISPNWLSSFIKELQ
section   2291429       2292277       -2    Hypothetical_protein            PP_02095; hypothetical                                                   N/A        MNANEHKSIYAKYLSLAKKDGYLVATKQAIFWITCMLRVRKFDAIQKRRIEISKQLDELFKSTVRYGPFKGLKLSTKTWWGLTDRGSMLLGLYEKEVLDSLQNIPKKFNTFIDLGAADGYYGIGVLVNNLFEKSICYEISEEGRQTIKDNAQLNNVLHKVEIRGIAKNNFYHELSSFTLSNTVLFIDIEGAEFELIGKETFNAFNRSIIFIELHDWFFEDGEEKLLKIKNDSTLTHVVTELTMGSRDLSIFPELNKLHDNDRWLICSEGRGQLMTWLRFDPK
section   2292396       2292701       -4    Transposase                     PP_02096;transposase insF;phage(gi26250329);PROPHAGE_Escher_CFT073       5.43e-19   MSDKINSDLVTFAIQHAISFRKPGKGVIFQSDRGSQYASSSVIKLLKQHEFHQIMSNADNCYDNTISELFFATLKTELIHKCNFLSRKEVRTSIFEFIEVF


region    1    2278391        2292701        intact         33.15       
