4975efd6d7623161ce62ef615f9d7174-contig_1-18740-19468-+	A0A369KS06	99.6	242	1	242	1	242	MVAKQLVINSTSYETRVALIEGGQVSEYYIERSRDRGIVGGIYKGKVIRVLPGMQSCFVDIGLERAAFLYGGDIKPEGLQELPEEFDDDGKSIHSSQSEDDDNLDNVNSKSYHKNYKISDLVKEGQEILVQVAKDAISTKGARVTTYLSLPGRYVVLMPSINHIGVSRRIQCEEERVRLRSIVQKIKPDGAGIIVRTASENVPEDKIIADIDFLAKLWETLRIKSLKSKSPCLVHEDLDLVFRATRDLISRDLDRIVIDDKKRYEDLVRFLNRFSVKLGAQVQLYQGETQIFDAFGIEQEVSRALGSKVWLKSGGYLIIEQTEALTAIDVNTGRFVGNKSLGDTIVKTNLEAVKEIVQQLRLRNIGGIIILDFIDMDRTEDRDKVFLALVEELKKDKAKTTVLRISEMGLVQMTRKRTEESLMQKMTIGCPYCEGNGHVKSPSTISYEVIRELLREFNRSNNEGFVVKANPQVSDRLLEEDKIFLDELKLKYSKKIVVKSYVDFHIEHFEIAPIRFE
7876196ec35465643f668823ea988ba1-contig_1-19443-20294-+	A0A369KS06	99.6	277	7	283	241	517	MVAKQLVINSTSYETRVALIEGGQVSEYYIERSRDRGIVGGIYKGKVIRVLPGMQSCFVDIGLERAAFLYGGDIKPEGLQELPEEFDDDGKSIHSSQSEDDDNLDNVNSKSYHKNYKISDLVKEGQEILVQVAKDAISTKGARVTTYLSLPGRYVVLMPSINHIGVSRRIQCEEERVRLRSIVQKIKPDGAGIIVRTASENVPEDKIIADIDFLAKLWETLRIKSLKSKSPCLVHEDLDLVFRATRDLISRDLDRIVIDDKKRYEDLVRFLNRFSVKLGAQVQLYQGETQIFDAFGIEQEVSRALGSKVWLKSGGYLIIEQTEALTAIDVNTGRFVGNKSLGDTIVKTNLEAVKEIVQQLRLRNIGGIIILDFIDMDRTEDRDKVFLALVEELKKDKAKTTVLRISEMGLVQMTRKRTEESLMQKMTIGCPYCEGNGHVKSPSTISYEVIRELLREFNRSNNEGFVVKANPQVSDRLLEEDKIFLDELKLKYSKKIVVKSYVDFHIEHFEIAPIRFE
2eb463b84389b19f697ab4972cf68672-contig_1-33268-33507--	A0A369KKT9	100	79	1	79	1	79	MNKYIPELFFVIKYNVFTKTKLSKNLKFLNIKNKISNHKKGNVEIKKVKILLMTLLDKIINLDQILKNPLFLNLNKGFF
c2ae4af18d1cc18e422e7462a905c465-contig_1-78228-78728--	A0A369KX76	99.4	163	1	163	1	163	MINKLPKISLLLTLLFYTANVHPIEKLKLVTGNDFAPFSDEKLKDGGMFTAIVKSLLKKINIPFELEFLPWARCYELVKIQKYDASFPYAYTDERATEVKYSKVYLYNSKIYVYTNKNYKDNKNLIDFKGGTYCSSVGYYIENDIQEMINKKELNKISKFDLRSCVESVIKNESSFFVANEVQFKEYRKQNISNFKNLVKVLKPINEIKLYIIYKKDFNDELLKKIDNASREFIKTSEYKKIIDSY
6ff36bbfd03dd28db4d5367ca2ecccf5-contig_1-116205-116606-+	A0A369KPG9	99.2	133	1	133	1	133	MQGKLFEKNYTSGKNAVNDASLKLINEWFQCHTEIWQEYLKQSDRDMKAKFAEKIEKSLVKGKLLVDSLSSEIKINKKPSIPLSGMNRFSSSAHEPRIEVRRNLLGISFKAELGTKTNTKKIPLPSRTYLKKN
eedf2b8049d872f635639dcf65bf069d-contig_1-143114-145075-+	A0A369L042	99.4	653	1	653	399	1051	MIIVEIKNFQEFIIALCNYWVDYGCIWSQPYDANMGAGTFHPHTFLKGVGPEPWRSVYVQPCRRPVDGRYGKSPYRFQHYYQLQVLLKPSPSNIVDIFLKSLEHVGINLKENDIGLLEDDWKGPTLGAWGLGWEIRANGQEVTQFTYFQQLGGQDIDVVCGEITYGLERLFMYSKGYNNALDMPFNDQFTYGDIFFQNEFEFSSFNFIEADTQQLFKYFEVCEEKVMALCEKNLVLPAYDYVLQASHCFNLLDARGAISVSERQRYIGRVRDCARKCALKYRASREKLGFPLLNRLDNDARKPLFSNKLNNPKKLEFNETQLYNNINQFSSSQSLNILFELGVEEMPPAFQVSAKAQLESKVAEFVAKENLNWALFHDTLAKEHASYSIEISSRRLSILFKNIPKTENSKTLEIWGPAERIAKASDGSLSQAGLGFCKKNNIDPLRVQFKSKNEGVFMYSEKFLEGRDFPTILAEKFKEWCYAFSAPLMMKWLPQDISPTFIRPVRWIVALVEDKVIPLNMFGLTASRLTCGQRILHPESLPIEHVNDYFKVLNNIFVKPFIKERNSIILNNAKKLAAEKNGKVQIDNSLLDKCVGLYENPYVFIAEFEEKYLRLPKPLISSVLKEHMNYFSVASLNNEKLLPYYIGVANYKCNNLQEMIEGTKTVVVGRLEDGAFYYDTDLKTPLAELRDKLQHQLFQAGMGSLFDKTERIKKLVSHLCILLQLTKQKEILETAAAFCKADLKTGCVQEFPDEMQGIMGGILLKEQNVFNDTYKSEIAAKAVEEHYLPLGAQSPLPTTIEGVVLALADKLDSLCLMFSHGAEMKAGKDPLGMRRLALGVVRLLGIRNENNSIALPLKDVLNLTFQVIEEEKQVKVTIESRHKTNLFIIDRIKAALEDEFDIRLIEALSRQLLEEPFSKVRLFAVEMTNALKKTGEGSLQNALLPYKRAKNLTYNWNDTAINTKLFKASAEFLLYETLQNIENIIKTQLQNSQYQEVFNTLASLAEPLSEFFETVMVNDPDEALKRNRLNLLTKICSLYENVANFSCIQVQ
5a5465219e074be18ddf0f8c01da0484-contig_1-207850-208926-+	A0A369KRI3	100	325	4	328	31	355	MSVSIRSDSIRGDEITAKLKNNSTITTYGPPDEGVRGQLRKDLETRKVPINYEKPEEGSVWLSFMTLWLPVLLLIGLLLFLFRNVQGAGGKAMSFGKSRAKLQPDSSNKVTFKDVAGIEEAKQECTEIVSFLKDHKKFQEIGARIPKGILMMGAPGTGKTLLARAIAGEAGVPFFTISGSDFVEMFVGVGASRVRDLFENAKKNSPCIIFIDEIDAVGRHRGAGVGGGHDEREQTLNQLLVEMDGFEANDAVIVIAATNRPDVLDPALLRPGRFDRRVMVGLPDVKGRKEILAVHMKKIKHSDDINVERIALGTPGFSGADLENLCNEAALMAARNGAKRVIEKDFEAAKDKILMGPERKSAVLPKETIRVTAYHEAGHALVSHYLKSRENVHKITVIPRGQALGVTAYLPSEDVYGYSKDDLLIKIAFAMGGRAAEEIKFSQFTTGASNDIQQATDLARRMVCQFGMSRLGPINFGQKSENPFLGRDWGEARNYSESLAHEIDMEVSKIINTQYELAKQVLIDHMDVFERVSNILLEVETLDSEEFLEIINNSADSDKIKEIQSKKSISEDEKGDNNSGTKLDAQSSSHPINSLNTTPTPA
dac2a90f0de72270a0773824c94b5c41-contig_1-241598-242131--	A0A369KU25	99.4	177	1	177	1	177	MKILVAATALSFSSSIFGITIEEFGNELIKNVALQESQNLNDLTCGVGGCSFNIIENGMTKYNIKLSEEKNQLHNTTKINIETFDFSENNTSTGAVVCLSNETCKFFEPENLAYANYAYENDAFANNRSKRCGPCVLIPVAVPTSILVARAAVRAVSTTANIDFVYNLGKNVKKWFD
978428c2355a472b75e3b349b343f746-contig_1-249659-251494--	A0A369KWP9	99.7	611	1	611	433	1043	MNNIFLNFKTLSLYFFLITNFILFNQKIYCQSKNNLLLSSILFYDANDIEINKENNSIILKNSAEILIGDTYLSSNKIIIKKDIGLISAEGNINLINKNQKATASRITFDLIHNQIKMHNAEIYSDTSTIETDYLTEKTGITKAEIAFEQAKKLRAKEIENELKNLRNEYTRVKNLDLLEPEKYESKKIELTKKYSRLLARLTRTQFQPNAILAALPDKERDKILNRRTAVKKFSQENSNTVNELMNFSNLKGYIRLSASEIIQKNNNILILNNSIVTSCQCSQFKEPALYSFSSQNSVIEKDKYLTLHDVTLDILSIPVFYSPWLKFPIKTQRESGFLTPSSYISNNAGTEVSIPYFITLGPHADSTITYEYFSHRGSQINGEFRFLIKENSQLKMDTKFTQDRQYSKNWEINNSNIEQKLSTTSDQALISMLNSFKGTNLKNRWYLSNSINIPVLDRWSIKSNTQFVSDNTYISDYSSNNSNVTPKATVYGDTSTASKRFLNQEANMEFYGDNFIFSVRGQGALDLFATSNKNTPNRLPLIELNFLPYRYFNTPFVFSNNTSWENIFRFNQQNFIPSSQNIFSPQVPDTSQTGIFSPNGPKNPNDPYVQGYRISNTANILLPFPVNDYLNAYISSSAVTTQYFFPDAYPFGKTQPYLAYSQHKAHLDIPMYASLKNITPLGIITQHFVPFINLNYIPEVFQSSNLPNTYQLWYASDNAYSIATVEVGATTYWTIEKDIYEESDEPISRLTDSTEPEVANLNFFNDSLKEYHLDVEIDSKHIFEFSSENDAAKVFDLWAKKELENFFSVVNANEFKQNYSWPSGNYFKRKIAWNMTPLSISISTGYNILADKTAAEINKNAGPNIAATPSQKYTDILSSATFNLVPIFPFKANFKTSYNQYYNRLNSLEMTFNADLPYGLSLSYTQNNDYVANPLEQNSNSFIKKTQQVASAFYSPKNWIKLGYQWSKNTDPTVDPTTNLSNGRGYASSQNITFYNLQNCLDISFARNKAFGIPENFATYVVSLNFKFFGYSYDTPPLKMNR
a102ec101d73e559656a470657f07c49-contig_1-251507-252790--	A0A369KWP9	100	427	1	427	1	427	MNNIFLNFKTLSLYFFLITNFILFNQKIYCQSKNNLLLSSILFYDANDIEINKENNSIILKNSAEILIGDTYLSSNKIIIKKDIGLISAEGNINLINKNQKATASRITFDLIHNQIKMHNAEIYSDTSTIETDYLTEKTGITKAEIAFEQAKKLRAKEIENELKNLRNEYTRVKNLDLLEPEKYESKKIELTKKYSRLLARLTRTQFQPNAILAALPDKERDKILNRRTAVKKFSQENSNTVNELMNFSNLKGYIRLSASEIIQKNNNILILNNSIVTSCQCSQFKEPALYSFSSQNSVIEKDKYLTLHDVTLDILSIPVFYSPWLKFPIKTQRESGFLTPSSYISNNAGTEVSIPYFITLGPHADSTITYEYFSHRGSQINGEFRFLIKENSQLKMDTKFTQDRQYSKNWEINNSNIEQKLSTTSDQALISMLNSFKGTNLKNRWYLSNSINIPVLDRWSIKSNTQFVSDNTYISDYSSNNSNVTPKATVYGDTSTASKRFLNQEANMEFYGDNFIFSVRGQGALDLFATSNKNTPNRLPLIELNFLPYRYFNTPFVFSNNTSWENIFRFNQQNFIPSSQNIFSPQVPDTSQTGIFSPNGPKNPNDPYVQGYRISNTANILLPFPVNDYLNAYISSSAVTTQYFFPDAYPFGKTQPYLAYSQHKAHLDIPMYASLKNITPLGIITQHFVPFINLNYIPEVFQSSNLPNTYQLWYASDNAYSIATVEVGATTYWTIEKDIYEESDEPISRLTDSTEPEVANLNFFNDSLKEYHLDVEIDSKHIFEFSSENDAAKVFDLWAKKELENFFSVVNANEFKQNYSWPSGNYFKRKIAWNMTPLSISISTGYNILADKTAAEINKNAGPNIAATPSQKYTDILSSATFNLVPIFPFKANFKTSYNQYYNRLNSLEMTFNADLPYGLSLSYTQNNDYVANPLEQNSNSFIKKTQQVASAFYSPKNWIKLGYQWSKNTDPTVDPTTNLSNGRGYASSQNITFYNLQNCLDISFARNKAFGIPENFATYVVSLNFKFFGYSYDTPPLKMNR
3bb92eae6b1f7b55ff509274cd972054-contig_1-294211-294504-+	A0A369KWB7	91.3	80	1	80	1	80	MGVRINELNTDSVAPNNVYAAFKIERSLIYQFGSINYYGQRFPVKRSFKIKSVIFNSEKWNLLENKEFTEVKKTFKQSFF
8a3364e7af32fa0c254d11602e826f0e-contig_1-320187-320690-+	A0A369L0A7	98.8	166	1	166	1	166	MSVTVFSWNYHIKKNLDYLCNNKTPGHCALEITGNYREIETIKKNYINSCKEYIEANKIIENYTNQPQDIDRFISKNLSENEKIQHRINDLEECVEEYCQNENSGLIRAALKNISFSTIFAYLNLIKYQKIFDKKIIFYTSQIGNETVYHMYFSVFPKSNSSEMEKNDINPNNLREINCPNHECDGKNSALIRRSEGIKYFEVINGKLSGVIISAKSLNTYKSAFSFLFKIKTTDFRKTLFDFYDESQKINKKILSNFLKNNVGYATSIKNDLSKFLKNLEKELFLCTDPNAVKILQEKIVYAKNLLKNLKNVEAKIEIFNEFAGIPPSEIVTLPSKICDGYGADENIIVAKWMEIIRRPLSLLAT
5f529b2999d88b4c0eab942932d58d55-contig_1-559389-559817--	A0A369KZE7	97.9	142	1	142	1	142	MKKFCLLILIFIQIFINFKIFANTTPYSFEGHIWKNKKCTSYSDNILSGKFNYDFTKPVNIITFIDYYDSMKCLNKFGYPSYQANGTYEVINVFKENGFEIHELLIKFEHLLYNIRLNIIIKDKIMKVCNPKNIKCKEFEKT
6e032ab797f339f5d7898ff1edda911c-contig_1-595039-595290--	A0A369KPZ9	98.8	83	1	83	1	83	MKKYFCHKSCKVTNSTNTQQLKNQLREMTTILNDTKLKLINEQLYFALGEKILKISQLLTTPAQDSITLKKHPTEIQSTHIYN
96ffcf431d57a82dac2a68c6c1d22d2c-contig_1-655377-656432-+	A0A369KR58	98.6	351	1	351	223	573	MQKILGLDIGSYSVKATILWNDFKNFTVKKIVEQKIDYKEGVEHNASLVTAIDILIHENQLEYDVVYAALDSRSVSIRKVDFENIRKRDILGFLENELESTSPFDMEETILDYQIIKYSKTSSAVLAVLCQKSVIKNFLDAVEKEHLRVKVLDIDNLSYLNMSSFLKINANNDLVTENKEEKKEEEVKKNCFLIANIGHSKTTLTFINDNNVLYTRIINIGGLYFNQVLKNRFDISIEEAESLKCFVSSILINDDEFNNNKENMVAQVLNEAVTELGLEILRTIQAFVAKENLNITSIFLTGGSSKIAGIDSVFQELLGISVSFLLIQEDKILFDLNDENIKNSDEIAKNLKVFSQSIAISMRGLPIIKEISKINFRKGEFAQISNYDKLIKQIFLYSSIVAIVLVSLMLSYFFRYFMYNKEINDLKTNFRRDIISLFSGEPASLRMISGKKDWDFINYGKESLILLQENMSDKKLFLEQFSSSETPLPLKIMNQVSQSIPSTMYFEVSEFRVQDNQFYIEAETNDPENIKKIINILSKINLISNVTKKSQSVKVGTDKKITHFSLVANVVER
dd9c0f0d38cd2dce9dfa00b175ae5235-contig_1-667732-668244--	A0A369KTT4	99.4	170	1	170	1	170	MKIKKVLLACSLLFYLTAANGNNYKAIISESFRYCQEKNGNNYQKIVEFGEVQITPEELLLKCAKSYTEKIIFDKSYEGHSDDYIYSTVKQKIERLTLLLQQTVNKKNHSEIEQAELEEQLKCYRFQNFMLIFHHHLKVKNNHFLTDQNFNRTLIKTHTFLINGCGRSYF
92f8a19cefca1b9d7b3859870544e457-contig_1-728135-728614--	A0A369KWW8	100	159	1	159	1	159	MLPEIQPVLEIFEELSFDDKAFFSFKNEENLEVVALYSKKQDKKNWSIWFAINEQASKQTLSSTHIKKAIKAYKVSEKQFIQQITDILMTQAMFANEFIDQLSRVFGEEAVQNNLSQTECYFNKNDIVLNSLSEIDMLKDQLKRSKERLTNKTRLKIVK
938e5dcb36863c495ecbac747e7d26ea-contig_1-763557-763853-+	A0A369KWR3	93.9	98	1	98	1	94	MGNAKQNNESKQGYEKPLRVFVGAHETQDFLNDIIKTSKNKNEIKPWWFWLGFLGGVLISGLGIFFTFTTVYFIQNSILEKPNLIYEKAICEKH
ed465062868889a4fa317af40423bda8-contig_1-770300-770506-+	A0A369KV50	92.3	65	4	68	23	87	MRPAVDNLFESIAKIYRNKCAAFILTGMGEDGKEGAQAIKSVQGHVIIQDEMSSTVWSMPGAVFGVGAYDRMENLDECAKYLVQLIQ
ce0b22794526f1baf13ff7fe2793bcb6-contig_1-774947-775567--	A0A369KT75	99.0	206	1	206	102	307	MSIVVLTRRQELRTFLQEKKSHLGQLSLGFVPTMGALHEGHGKLISLSASENEFTIVSIFVNPKQFGPNEDFAKYPRTFQKDLETAERYGATAVFAPTIEEMYPEHFLTEVSVPQISEILCGAYRPGHFKGVCTVVLLFMNIIQANNMYLGQKDFQQVQIIKKMASDLAHPTKIIMAPTIRETDGLAFSSRNRYLKPEARQKATAIPKALAQIAKLYLSGERQVSKLNEVAKQELNKENLSPQYFEFRNAHNLLQKCDDQLFDDTVVAIAQHIIFEGLTTRLIDNIILADNSAATQNLSDLVNKALS
f3640baaecbb28acf82510555dd432aa-contig_1-797888-798367-+	A0A369KPG2	96.8	156	1	156	1	156	MIFNEDYEENMIVPRRRAASEIKLLRLELIPKGKTPCEEIGSEWSSAQPAENLSPSKAALCLGIEVWAPQSVVKKRYKTLQLRYPPDQFVEKHIEWRPSAELLGNPRSRLNWFWQSGFVPLPEGKLEFKEGSLWDKNNAEPEIDSRLALKRLKQIIY
9537e5b7c7fe0f5e2fc85ba10c802601-contig_1-837466-837894--	A0A369KSF4	100	142	1	142	1	142	MFQIKTNQQEYHYDSVTVIDNLLQATFYAELKLRVNHIINSNSVPLVNHSGLGNDLVKDKVGKYCHHIFKGSDIKKYLPELNSFCHGIVPLISSITLKDAIVSLMNKKFRLYLTITKEMILGDQHNSMILFIMVSNLFRTKI
4ba5e2818eee3935ec89032a7f0814c4-contig_1-881443-881682--	A0A369KTS4	98.7	79	1	79	1	79	MSIEHKHKNVIDFQFYKNLKESQNKKHIDNILKNKLPYNCLAYKDEQEVQTRMQNINLSVKRINSLIFELNNSQKKPHN
4499c1f4710da7a5daf3887dbbb1395b-contig_1-894156-894428-+	A0A369KNN8	96.7	90	1	90	44	133	MRVSCGAECEFLFSRRVLINGFAAKRAQCEKNSFKLLRTEVQRMAKEGLGSKPKLFKKHRKKILLNKKQNLLTNPVVNLERAIELECQLKQQLGYNCRVSFIKYGSGEIRIFFKNNKELQDIIEKTKPTSPLF
b269a4dc86cc27ab34cf2c2af33a3ca1-contig_1-916833-917576--	A0A369KM06	98.3	229	1	229	1	229	MFLKLLFSIIVALFITVLGHYYLYLRLVDPIFGHNPTWISIFIALWSITFFGFLILRIVLQFLRKIFELIMFIWMGTAFLFIIVCFITSPINIYLQFYGKDTVTLCYFVIISGLLLTLFSVYLALKKPKIIKTEIKVKKNLPAEIKNLQCVILSDIHVSGLIGKKRVKKLTETVNKLEPDLIFLTGDLMDGSVHQLHKEIAPLKELKAKYGVFYITGNHEYYSGPLKWKNHFANVFHWKVLSNTCHTININNFSINILGIEDRHWLSYEKIPKRYDNRLSQAVQHLEHSGSNKKEALNILLAHQPKDSRLLEDYPFIDLQFSGHTHGGQIWPLQFIVKKDQKYVKGLYQINENQQIYVSQGTGFWGPPMRLGTHCEISHITFKQE
4e8a98a00a6b86b03d797d61fa4aadec-contig_1-1012622-1013341--	A0A369KLH4	99.2	239	1	239	1	239	MTGYFHEKKLLFQNVNFIFKPITNLNDINLSHAKGGVMLNYFSFLNELNFDEKNFSNWSCIFSQVYLLKEISKKISKLKINWERNSFQIFGGRENDLKNIDFSLKNSFVYVKIINQAIFKEKINWKFTKFLAEEIFYLFSDIHFFCLKILSYKNKKNSRIQKAINDLKKEVIEIYNLIFKIFVCYYYNKSKKHQQFDNFFERALEKIYTFEILSNRTRNLKGFKFVTKIKFYYTSPQKN
f961235edd2bcef10a4e45fa02509054-contig_1-1074275-1074493-+	A0A369KTB9	98.6	72	1	72	1	72	MKNKFFGFVVLFVSYLIIVRAMKNKDSLIYKSVCSCAESISLMLSKFLESKVSLNDKSEKSKTQSNAQKGSD
46b05adc37349c749f37f99f77a0f997-contig_1-1086735-1090619-+	A0A369KVK5	85.0	1243	1	1241	347	1581	MNKNKIIRKIIASILFFAIISGFLQPLAFASRMQRSLKSNLNDKLEAGKSESSMPSSDAVNFSSFDQSVDPRTGAFSINYPIFDIKSYDFESPSFQLSLKYNSLFAEQKYFDVGRGWSWNVTHYDSKSNMIYLSHGGIYKIDFSKKNLMKNYLLKDIFLEFNNNYIIVNYKNGNREFIYKNNGNLFKIENLTGKSLYFEYNQSNRLNLIYFKNNMSNKKQNAIEIQYVDDKFIIIKKFIEKNKYISFVLKKSKNGNYLESIANPENQITKFEYKVPENKNYNSRFLISCIRNFTGTEIKINYLESGLGSEKGRFFSAVSKVITNSLPKNHFSNEVIHYSYSEKNNYLGKGFRGSVSENQDKLFFTANNYVYSSTEKKLAADQRMLETERTYNHYHLLLSEKTKLNGNLIFLKEYDYPEWQSKNFDSLDENYNLPVQIKATYFNRNNLRTEVSKFAYDNFGNLVRQELPNGIVKEYSYLSQDETFNKMTHLLKQEKQYSINDNKVKIIEYKYINIKNYNNNYIQLLEEKIYVFSCINCDNDDKNCDFLYRKENFIYNLDFNKNNFFTLPKKVVVSGNSLNGVNKYYTKLITYENNESYSFISTDYYSGDNILLAMDFNYYNTFTGNLVKEKSKEGIEKQFEYDLFGRVTKEYLIDEKEQKHLFKNYTYNINNEDVLEGYGTSSKLVQSLDGNIELSVYDSLGRVINIYQKNHEENKFYLLKSYLYGVTGQKIEEKTYNIDAENNLYFVIHNYQYDYLGRKVLTIQPNGVQNLSLYDDIQKKVTNIVQSSDKKINFKKVTYHNNFKLPVREEYYNTKGNLVHQKNWIYDGFGNKIKFIDSNGSETFYEYNNLLQLVKISNAKLVSFFYSYDPLYLEKPVSISVMQNGKNKKLLAFQVFNELGQKIVDGDSFGKENRYTYNIKGNLITKLLKSGIKTDYYYDGLNNLIKTESMNHNIKDVSYYDYDPATLLLQFETNSIGKLKYNYDKNGNLLSVIYPDNHSISYLYDFYRKIISIKDIKDIETIYNYNYQTGLLESVQFLIPGQENLKEVYFYDNLARLSLKIMPNKNMVRYDYNNMGQLSNMSYLASNNDLILGYSLAYHNNGNILSRERIEGGSSIIVSRENYHYDTLNNLSDYFCEGNYCPKNSNGKSIVTQNFEFDDLNNINKIKTTSLDHEIDVILYNYSEINPAQVVSIIHNDKEKIFEYNDDGQMIKDDQENQFFYNSSQKIEKIRFSNGNENTYNYLANGSLYFNRNHNNSYSYLYYHGNKILNQLDSEKITSYFLGTKNIIGHIDHAESGLNPLFYLTDQASSVIKVVDNKNENIHNFIYTPYGEATDLSTTQVSYNNKFSYGFNGELSDKTAGFQILGNGYRAYSPRLQRFIQYDAHSPFGKGGINGYIYANNNSIMFYDPTGESAESNLCLGVLVTLLGLAGIITTFGAAVGWTVAGYSAMAGTKLALLKTGVVTGFVGVGTSFSSVAFSYKASKASEAGNKNDADYYNEVHEALNWTTFTFGAFSFLSGLSFSLSARMASRAVQTSFIDRYTRSFSQGIRNERIARNVSVARSVSDAVRGTADRTLAIPGRTLAVPDNINNIESFFSDPIWNTNLNFSGFGY
7fab22cbfe20fbbf0e79d583799faad3-contig_1-1124407-1125087-+	A0A369KW24	97.6	210	1	210	1	210	MLTINDLNSTNQSSIAIIGGGMSGLLLALRLSRDPNLCAKGITIFEKQPHLGGRFFFSSYHQPLENTVTQLNDKQFKLSGPGFEWLEGNSLEIMYRHFESHLSELEKNEIELFFQDTQDKVISQKKQCFFVKKEIVSDTELFAGSSEIFTKKEAEIFKSFIFDDFNNVQIDKNFLNINFEKSEFWVSLTKSTKEALTPIFATIVGPNWEKASFIHIHKLFKDFFNSLNFQVPTCFFREYYFECIVESILKKRGVVLRTNCEVMRLHHHTNSKFDLLLSDNINPAQKTFTCQKLIFAIPLVKCLSLLSKEHFSPSQSRFVSKVKPVSLIFSEITDFLKFKCEHWPENVSLGDRFIFPVEKVMGFLTHDGRMIFSIKLDYEDSLQAPAVRDAVARLRRAATRILKPEFSEDLKKGARIPENKISEKIILLPVAYTMTCDTAANIEVKETKMGIEGLYCCGDSFPGFANEPWKMIINSVYDVAAQLSQK
9f830b3bd4be04c777d3c9c9933857fe-contig_1-1125060-1125866-+	A0A369KW24	99.3	268	1	268	219	486	MLTINDLNSTNQSSIAIIGGGMSGLLLALRLSRDPNLCAKGITIFEKQPHLGGRFFFSSYHQPLENTVTQLNDKQFKLSGPGFEWLEGNSLEIMYRHFESHLSELEKNEIELFFQDTQDKVISQKKQCFFVKKEIVSDTELFAGSSEIFTKKEAEIFKSFIFDDFNNVQIDKNFLNINFEKSEFWVSLTKSTKEALTPIFATIVGPNWEKASFIHIHKLFKDFFNSLNFQVPTCFFREYYFECIVESILKKRGVVLRTNCEVMRLHHHTNSKFDLLLSDNINPAQKTFTCQKLIFAIPLVKCLSLLSKEHFSPSQSRFVSKVKPVSLIFSEITDFLKFKCEHWPENVSLGDRFIFPVEKVMGFLTHDGRMIFSIKLDYEDSLQAPAVRDAVARLRRAATRILKPEFSEDLKKGARIPENKISEKIILLPVAYTMTCDTAANIEVKETKMGIEGLYCCGDSFPGFANEPWKMIINSVYDVAAQLSQK
d80944ef8715b2e38aff9aa645b0d956-contig_1-1151217-1153349--	A0A369KSC4	99.2	710	1	710	206	915	MNTNEIRCKFINFFKSKQHTYVPSASTIPVGDQTILFTIAGMTQFKSCLTGEEVRPYTRATNAQKCIRVADLDDVGKDGRHCTMFEMLGSWSFGDYYKKEAIEWAYEFTKNELNFDLSRFWVTVHHSDDEAFQIWEKIGVPTHRIVRLGDKDNFWAMGPTGPCGPCSELYLDQGEHVGSCAEQGKTCAGPGCDCDRFLEFWNLVFMQYNRQEDGTLHDLPMKSVDTGCGLERLTALIQGKTSNFDIDIFLRIKQKILDISGHTQKLAELSKQELESFNVIADHIRLLTFTVADGVHFSNEGRGYVLRRVLRRAVRHIHKIAPNWPKNKSFLAQLVQIVIKEMGEFYPEIATNQKRIEDAIFAEELRFNSTLDIGLAKFHAFIEDTKNKHKKVLSGENVFILHDSYGFPADLTQILCQELGFQADLDSFKNYMQEQKQRSRTEAKFYKFDLDDSPWIEFNPANQEKDKSFSGYFLQATTIKENHDVIELPINFSQIKKVRQLKNKFFEFVIENTPFYPEGGGQVADNGWIAVQAANSKNEFEVIDVRKTASQIVHLLKHIEWSSDSAAPLSSTEILNLFGQNSKVTAFVDLTLRTATMRNHTATHLLHKALQIVLGDSVRQAGSFVHSEGLRFDFSYNKALSNQEIKTIEGIVNKQILKNISIKVHESVPLSTAKEMGAMAMFDEKYEDHVRMLEVPEFSLELCGGTHVSTTGQIGLFKIISEGSVTSGVRRIEGITGFNSLEFCNKLQNQILLTAEAIKCAESEIVNKIHSMKENSKELEKQIHILQSRIVNTQIASLVANAIDLGNNIKLVINVLETNDTKEMELLCDRLKEKPATIAVIAANIENKAHLMVAINPSLIKQYKKLSAGQIVKQLSEIVEGKGGGRPDFARGGGINPEKIPVALKKVVEIIQLAI
30137d2c54857e43d7f8df9ef3f6bec7-contig_1-1176031-1177131--	A0A369KZK8	99.2	362	1	362	1	362	MNANLILNFFFNSFIGISILCLGSIYLTGRISFLISSTFNYLHWHYLIFPFNLNIINYFLTLLRGTVDKLPFLSLSFVVVEKFNLSMYSIAILIFFTGILKLISPYEWSTNSPKIKKWRFEHGCFQNYNNSNMTNNKKNIELLLVKLAKQTNLNKFEIAKSDFRCYFALSFLFLSTQLSLQNFSFSILSLFTFFLIFWCIIDAFGWNRLLRHKNFNHFETFQENPIQFFLKFFNKIILLIFVNFIFFIALNNKIIKFDNFIIGYLILIFVFFNKITRIYNEFLLAKLNLQKEYYPANSYKDQFFKFENARVWRDIGAQSTESINPLLRLVMFKTMFALSERRILNSLIAHFDFIIGSYLYIILLLNY
86796e8761c469a7d60323ebcbd4b088-contig_1-1202080-1202475-+	A0A369KY12	100	127	5	131	78	204	MHLKKILLIVFSLFFCVVIHAQETNEDAEEDEKSFHFFMGGGNEYLKNMRLLNLNNSNYIVNRFITANAFYSLFETDLGSPIIGLGINSSYVNKNDSNFFYNTDLTAGIGFKFDLYQELSIYTVGNFSFGLDNKYKDNQYILPFFTKYSGGLMFLVSYTIAQLIHIGIGGQVYKNYFTVVFQNQTEEKGTFDSGYLMFMIGFSL
4f5b3b8b6ce42e58484a23ec8e738156-contig_1-1226481-1226990-+	A0A369KV61	99.4	169	1	169	1	169	MMRTFYGRHNQKIRGVTFHHRSLKRSSRLKSKLNDFFEYHSLYSEIESETPTPLSQNEIRYFLCDQGRNEIHTHVAICVEFISKWSGILKIIERCFSQNITNETMLESSLAFVDENETACSTELEIFLSAKRVLSLWQHRLRIFEMITEAQGSLRNLPNYTLNRLKTYR
43155253c03320881c14ea38bb4a3da4-contig_1-1229563-1230012-+	A0A1L4D016	82.0	133	1	133	1	133	MPDKKLPIYYSFLSSFLILLLAAVLVRSFYQLDYSWDFSVLAPYIWLPTTEGGGPGLFLKGLWITIKMSFEAIIFGTILGVIFGMLLTTQEKIAKFAALFYVDVFRNTPVLVQLYVAYFIVGTAFNLSGAVAGVLTMSLFCSAYVAEIFRGTIANFEKGQIDAAKALGLSPFQIARKVIAPQALRNMLPPLIGQFVSLIKDSSLLSVVAIPELTKEAQNAVTVTFRSFETWFFIALLYFVVNTLVSSLGRYLEKRLSVSLKH
d4632ee9430372395c503a1c26d37b7a-contig_1-1230020-1230352-+	A0A1L4D016	97.3	110	1	110	153	262	MPDKKLPIYYSFLSSFLILLLAAVLVRSFYQLDYSWDFSVLAPYIWLPTTEGGGPGLFLKGLWITIKMSFEAIIFGTILGVIFGMLLTTQEKIAKFAALFYVDVFRNTPVLVQLYVAYFIVGTAFNLSGAVAGVLTMSLFCSAYVAEIFRGTIANFEKGQIDAAKALGLSPFQIARKVIAPQALRNMLPPLIGQFVSLIKDSSLLSVVAIPELTKEAQNAVTVTFRSFETWFFIALLYFVVNTLVSSLGRYLEKRLSVSLKH
d9647b57b9262be361b03499b9ee1b76-contig_1-1254760-1255248--	A0A369KUB5	98.1	162	1	162	77	238	MKKILFILLSHIFCLQLFANTKNTAVFGVSQKLPGIIEEEDDAKIVGPLFERVQKALKKADLPENIALYPWPRAYEMAKKNKNYYIFPMAKNAEREKHFIFVGVVFNINTYLYQRSLSDIKIKNLEDAKKYTLCVVRNDVRDQYLINKGFTNIIRFADQESVVHGLNSRKCDLAICAENIEFIWKKNLKEKTEGQIKKLFLVKDIDPKRYLAFNKDSDKELIDKFKLVLKDMKIEIKK
45c023766c2b0ca4856501bb8983c4c1-contig_1-1308436-1309032-+	A0A369KP79	100	198	1	198	85	282	MKMFLPDDFKLPAMPQVARECLVYLYNPNADSGALAKSLSRDIGISASILKLANSGMFLLGKGPPTSDLKTAIFRIGHDNLRQLMVIHALENTFVFKDALSFDFTSFTRHCSFVSLLCAEFSKIVSPDSVADIQMAGLMHDVGLAIMASLFNENFTQLAKYVLENKTDFASAEKELGLEPHCKLGSRALDTWEIPVRVKELIAYHDTKKLDERQTLPLDMHKLVDILNLSDILAHSYGFGFKEYKRDTRIEMSMLKRIELTPDKVKEVVKNALETESAMQPS
b9cd038dd2d65509b49c7f177d2797a1-contig_1-1426828-1427463--	A0A369KLL5	99.5	211	1	211	1	211	MNTSSSTYSKRSRISQELVLLDAIGTEIDSLDMSTNAYFKLALFLNIPSGSPEISGSFNFIFKIILARTTKYSFSRFFLFFSYSYFKKRFVYCALEEIKSRRAQWLLDNGAANELAALDAKATQHYFLTLERKAFENYINGWNNLQNILKIEFENNRKNTIVRFIKKYFHFFIFWSLVVLAVYLGLKITATENSLTIWEQLKEFYNFMVTF
a66efe653cf70741d3ca57a706f515bd-contig_1-1436468-1437094-+	A0A369KNW0	95.7	185	1	185	1	185	MNDSRVNKLVRSSRFFVSINILTTGVSVNNYFLALDKYLKKFNSFENNFKGKIPHSITINFNKHPGHIVFSSMIHGNEVGSLPAIIKCIELLESQKIKFGGKVTFLLGNVAAAQQRKRFLEDDLNRCFEQNNNGTQSLSLEKNRAQEIQLCLNEANVFIDFHQTIMPCLKPFYIFEMDKLCYFWARATGVANIFVTRKKGWRFSAAGMCSDEYVRQRGNIGFTVELGEQGFSYQSEQYALQIMKRALRLIDQVYQFRFSIEKLSKKNDDFKFLMITHREPFLVPEQKLINGLINLQYIKKGMLLGVKNNNSPLVSSFDGYILFPKYPERNADEQALPPLPGEIFVIAEELKEHPLSWR
a448a07e917e5d6f4a1e4eb47021c92b-contig_1-1437087-1437542-+	A0A369KNW0	100	151	1	151	208	358	MNDSRVNKLVRSSRFFVSINILTTGVSVNNYFLALDKYLKKFNSFENNFKGKIPHSITINFNKHPGHIVFSSMIHGNEVGSLPAIIKCIELLESQKIKFGGKVTFLLGNVAAAQQRKRFLEDDLNRCFEQNNNGTQSLSLEKNRAQEIQLCLNEANVFIDFHQTIMPCLKPFYIFEMDKLCYFWARATGVANIFVTRKKGWRFSAAGMCSDEYVRQRGNIGFTVELGEQGFSYQSEQYALQIMKRALRLIDQVYQFRFSIEKLSKKNDDFKFLMITHREPFLVPEQKLINGLINLQYIKKGMLLGVKNNNSPLVSSFDGYILFPKYPERNADEQALPPLPGEIFVIAEELKEHPLSWR
6d4cd8d9c9cc49f96e15ffcb91c0a4ee-contig_1-1461411-1462274-+	A0A369KPR1	99.6	283	1	283	1	283	MSKTNHYFPFLAFLVTFEFAVYMSNDMILPALIEVFKELNESQNLISLSLSVYLIGAVSLQLFIGPISDSIGRRPVFFAGGLIVLIGNLLGIFAQNSPVFFLARLLQGMGPCFISVVGYACVHELYRSKAAINVISWMTSITLFAPMIGPLFGSLVFSFFGWRYIFVSTFLLSFLSLIGIWFTMPETLSPYNTQKIQIYNIIKNYFNLLKNKNFIFGTLSYGLAFGAIMVWISSSPLVLMKIFQLDINQFSIIQIPVFLSFIIGTFLLRFITKFKDPIFCIVLGSSISFVGILFSTFFSIVYPNNLILLIITISIFNFGYGLFSSPFNRVILDSTKMEKGISSALLYFIFFSLGAFSSAGFSIIYNNTLFSFLLYMLILFTLSLATLTFLKTKENKL
321f2d89724f59020de1cefc56e8cf4b-contig_1-1505658-1506425-+	A0A369KQF5	99.6	255	1	255	1	255	MLPSSLSEINSDWFYYFKIIIFFIVFTCLILLFHSLFKKFLVKTRIINFCFLIFFMIAYFFQNQGLYKFTSFIFYTVLIILFQFIITKFFAFIKNSIQKFKLILFKTPKPKFNKFGTPHILTSFGLKVRSKSEVFIAEKLYEQKITFFYEKPLTADGKTYYPDFTIYHGKKTYYWEHFGLLSDKTYYQKTEIKLKWYKKNFPNKLVWTKESPQLLLEIEKELEKITKTKPQNRYRRFLSRQPHGKKEHESQTRHI
30734918203f5cb28cda9767d8b2bd77-contig_1-1603637-1603936--	A0A369KVR4	85.4	89	1	89	1	89	MYLWNVKKLKESIVENGVAEKDIFKIMFLISCVVFVVMLLKYINYIDIRFLIYPQSYVSLAIYLFCIYFCFKQNQRGDNYQFLEKFTVLSVVVVLRLSVIYVPIFIVINYVLPSFFYSDFLTKNKEYMVYIIDGIRGLNFLIIMNLHFKSFCKDSKLKSQKYSLSTVQN
6817b4742554ef0e2fa77f448b8d6dcb-contig_1-1616805-1617311--	A0A369KQB0	98.2	168	1	168	1	168	MKINYIGISYTTFLHNSNWTIEQKTDGIIYFIEKIFFANLIPVENQLYIIFFPEYTFSGECKSYVWHDKKKDCLNKLKLLIENLKKHKIILIASTIPSAKDFLPKHKSRYEAHVNFLLSNSNSISDNLFSDSLYDIKIKNSLYVIASPQNILTIQDIINLNNKEKKSKIVGKYSKIQPFYEYNRAKNLNNFYLSDDFNLYTGKTVFQPGNFQDSVCNLAIINPYQHLSLFFSICADFTFKVNHSHLYKFGKIFPNEIMFILSDYITLDRKDFFTNTVIHMDTYHGLTVYLKNNSLKNKYFHFEIHGKNQYIKKPCNMVHI
8b6924bfe5059f049db3e5374ea752ec-contig_1-1617803-1618207-+	A0A369KT76	100	134	1	134	1	134	MLKKQITLENINLSEEMLLIKNFKPSFIIMTLPLLLFLLSYIIPFSKNFHYIFSFIYFLMTIHYIYKCRLSFISKNEIKININFSYLFCFFPNFSNININNLKIKKVKIFFIEFYIISYKNKANNKNGIFVSRY
cc2cbeeef96dce925ea17c87973553b7-contig_1-1625260-1626072--	A0A3S0UMD8	82.6	270	4	269	94	362	MPTNFKPVYSITPGVAKSLMRIEAAKEKVALLPVNPTVLASLRETAKLYTTHYSTMIEGNQLKLEEIKEVIQLKGHFPGRERDEHEVKGYYAALAQLEQYASQNHPVTEKIIQILHALVMSDGRTRIKPTPYRDGQNVIKDSGTGTIVYMPPEAKDVPGLMRNLVSWIKANEEIPCPIVAGIAHYQFATIHPYYDGNGRTSRLLTTLILHLGGYDLKGLYSLEEYYAKNLLGYYRAISIGPSHNYYSGRAESDITPWVEYFTEGMAFAFEKVVAQMIASNEKGEKDHSQVLRTLDPKQRKALELFKGYDVVTAKQIGDLFGFQPRTNAALCKKWVEGGFLEIVDASNKARKYKLAAPYDVIVNESL
6ad13e8acfc1ff00f4a34f1b91f2a970-contig_1-1672265-1673524-+	A0A369KKD9	97.6	419	1	419	444	862	MQSGRASQSKSGQSSVTESTLVHKSGIYTQGNLIVQARGAGKESSIDLSGSDLKAEGKIRLEAEGNILMQAAQKTTERRSSQWNSGWELGIGANAGKSTGFTIEAGVSGGEGWSKSSEIQHVDTIVEGKQGVEVVSGGDTTLKGAQVKGKFIKADIAGNLHIESLQDSKVHDSKEHSFGVAASACIPPACVGAQEASVNGSVTDMASNYKSVITQSGFLAGSGGYQVDVGGHTQLVGGMIASNQEAKDKKLNKFSTETLDFVDLKNEAEYDVKHIGGGFSVGDKLSVSPPQYLPGSKKISSVTRSVIDEGVLEIRNDKKQLALTGKTTEDIQATLHRDSSTAHQKLDEIFDEEQIRLKIGIVNDFGKEFGTFISNRGQEAEQKEKELEHALKNSDTLPPEYIEQLKQEYESAAKWAPGGEYRQVATALAAAFTGKLSATGTELVQSFAANYLQSIGAEKIKELAPLLGGEGSPGHTAMHAVLGCAAGTMGDSCGSRAFGAASGVLINTALSSLEDTQNLSAAERENRINIVTSLVAGMSAAAGLGDPNAAMTSARLETENNNLKFVAEKSLYLLDKLADKRTWQLLLLGGATLTSGSTASVAVNGLIILGRAYTAYEIGQDIYDVINGEKTLQQLALEKSEDYVVGLITTKAFGEIVKSVKSGASIVMQMGDDVVVQQVKSSVINVTEANKDKIQNLANSGEEFLQKVKAKGKDSKQIAQNLPDAKGKVPDADGKLPGTKEKLPEADGKSRNRNENVLISRDDNQINQQISKPYKRPSNATTQKQRKTVQNQPCVDCGVKSDKMFADHKVPLVKEYYESGGKINLQKMREIDAVQPQCSSCSSKQGAEMSRYSKQKKNELGL
1065166486bbf917a2d0f75c03c4757d-contig_1-1754266-1755030--	A0A369KSC7	99.2	248	1	248	42	289	MRHGFKIGNHDFANRRRYVGSDKKIVIFKKASNSFWVGESLVANRILIILPRQLGDVLLGTPLAEVLRKRFPDAKIDWCAHPMAITLLQENPYLNQSFYYPIWSKQDVSHHSLLAKIKLWFLFIWRYFLFLRHLRQQKYQIVIDAMNNPRTALFAVISGAQTKVSFSVNALRNRAFTALIPRKSLDDGYLGHTRIKLLEPLGIVLTEQDYLNIYPVIPINAAYQNNVNAWLENIVANHVFTFDGVPQEFKFIALSATHRRPVRRWPGQSYVALGFKIITELKHAVVWLWGPGEKDMIYALHQELQYLLQKAGISLNYSVFPPGFGLPELGFVSQKAQAWVGNSSGLSHVAVAGGAKTLEIHGPSRPENWCHPNNRKHHFLQRTEGCFGCSSNTCKLPRRECLEDLSVDRVFQQLKLLLNE
69ca90cbc96602d1bab8331446ccd40d-contig_1-1758901-1759563--	A0A369KZ97	97.7	220	1	220	1	220	MSLSNNKYFVYSFKDRTSTYLENFLINKDDLSIFLVNFDEFIIKNNDSNSFLSIEEVFDYYDDLYFIHKNMSQILLIHYDFKYKQNFFLVNFGLVGLRAFFINKNFLILVKHAFFIIVKYLKNFFILIFLLLLLLFKDSVIKEDVIQAEAYNISQKKLYQGFEFFVKNNNIKEFEIINNNKYLNKNLEKKLNKNSNYKIIKKFIDADELYFLRMKTKNEL
eb390c52b0d63a9db7206ca75ea5484c-contig_1-1798615-1798887--	A0A369KTN2	98.8	84	1	84	1	84	MRIFFYLSFFIGIFNFAFSKEICVKNKEGIFCGDIISKDSNKLKRECITFEDKKICGFGCVKNTFGADCKQDPDAKCIQNIHGVICGHNCEENFLISACASKSYFNCVRFADKAKCGLNCRMKFGDVFCDEEDVNAKYLK
4f6c40a09465896597895cf6bd156a89-contig_1-1798956-1799384--	A0A369KTJ8	99.3	142	1	142	95	236	MNRILFAQLSHIQFYSSRFSGMICVIKIHRRRCVQNSLNDFKAALFSGNFHQAETIGLSYLQQNGDKAEWLNEIGILYLMKGDLPEALRFFDRAVNADANFIEAQFNAAIILSDLGFYEEASGRFAEACQKEGALLAKKHFDMALFYLSVRQIDAAEEELKKAITQHQDIEYFIELARLYIDVQKYDESLKQIDLALAINPENLLALNFKKQCLQYRESYLANFHTCHEQQIKINN
9024a87dd94a36002b0250a4eb5e22f1-contig_1-1912670-1913404-+	A0A369KRI2	99.6	244	1	244	107	350	MDSTIQLHERIGLTGASSFLTTLVLNRLATLSSVKEVHIFDVKPPAIASTKFIFHRVDLTKDEASSNISSVLIENKITTFIHGALFSGPTRKKSYHHEVETIGTYHVLNALAEAQISKLIVHSATFVYGAHPKNPNFINESFELRMQGPHFVRTRIDVENQIQDFANNYPNCAVTVLRFAPILGPNSTNIRARYFFAGIVPKVLGYDPLVQFIHEDDAVRAQIMALSSSASGVFNIVGRGVLPLTTGVHMSGKLPVPFIAPMCHTFFAAGYASRIWELPSDIVPFFQYICVADSKRAEDILGFMPKYSSRQALKSMIEANRLRKIGFSIPSSTLGEDAAYASSQGFQRIF
129e0255a467bbb0a1e7f75bededc8ef-contig_1-1930530-1931588--	A0A369KMY6	98.9	352	1	352	313	664	MLVRIFLFLLSFSVFFQAYSISIYEHNLNNFYENDANQIHYGTDQGSIAKNKWDQFEKTIFYYDQYKKNLNKVNKKFEEILIYNYLNSIKNKMSEYYTSLVFLERYNPDYFKYLYLEKNPDQVYYEKIKELEPVFLTIINIAAHSLIKMYAKEFPVLIYEVDFRSWIKAYWGTLNSEHKWGFEPAHYYNKSIDPIYKSEIFNFFVQETLNNESDLNSIEVFFSVNWANANLSPLTNKIEKKLQYRLVEVKNIDLLKKYFNLNPQINKKYIKLIKTEKKYNLLIKNIKEINNYFVNIIKKIDNINFNGVERKFVQIVDPVSNKCLNIYNKVQKNVNNSSKLLYGHDVSWEKCVNNESQKWYVINSAKNLNKLKIFSAFRKGYCLEESAIFGVSLTLCNSKLWRQNWFIQNDKSIINQKTGHKVFDNIKIQENLSFSLASMIDIPFNENFIVNDFEPFLNRFFEMVDDHDVRLQILNENRLPSYRLVWNKWSNNEWNPPEEFNHIVRQTAFLRQGLTEEQFSNVFQNIQDLSLSDAIVDDAAELDVNESFEYFSRPYSPSLPPYYQEEGELSFWDSSFDTESTGTTNSTAELQEELRAFDINSESENMLQNGNYLSEIQDLSQIFDDIESSSNLLNSNIQILLQTVTTLSSIGNFAFAATVVTLIP
1545d944d533bb933c2f2b958c67c637-contig_1-1932742-1933551--	A0A369KMY6	99.6	266	1	266	1	266	MLVRIFLFLLSFSVFFQAYSISIYEHNLNNFYENDANQIHYGTDQGSIAKNKWDQFEKTIFYYDQYKKNLNKVNKKFEEILIYNYLNSIKNKMSEYYTSLVFLERYNPDYFKYLYLEKNPDQVYYEKIKELEPVFLTIINIAAHSLIKMYAKEFPVLIYEVDFRSWIKAYWGTLNSEHKWGFEPAHYYNKSIDPIYKSEIFNFFVQETLNNESDLNSIEVFFSVNWANANLSPLTNKIEKKLQYRLVEVKNIDLLKKYFNLNPQINKKYIKLIKTEKKYNLLIKNIKEINNYFVNIIKKIDNINFNGVERKFVQIVDPVSNKCLNIYNKVQKNVNNSSKLLYGHDVSWEKCVNNESQKWYVINSAKNLNKLKIFSAFRKGYCLEESAIFGVSLTLCNSKLWRQNWFIQNDKSIINQKTGHKVFDNIKIQENLSFSLASMIDIPFNENFIVNDFEPFLNRFFEMVDDHDVRLQILNENRLPSYRLVWNKWSNNEWNPPEEFNHIVRQTAFLRQGLTEEQFSNVFQNIQDLSLSDAIVDDAAELDVNESFEYFSRPYSPSLPPYYQEEGELSFWDSSFDTESTGTTNSTAELQEELRAFDINSESENMLQNGNYLSEIQDLSQIFDDIESSSNLLNSNIQILLQTVTTLSSIGNFAFAATVVTLIP
0511790a333fcb074a5d689e2362ec98-contig_1-1962369-1963130--	A0A369KLJ1	98.8	251	3	253	314	564	MLTLKSRILKYLALFLSAVMVSMGFPGYQFPTFNIGFILPFALIPLFIVIETLPKFYTITSNLKPHSIAFSARKRALHAFFAFWFFGFIVQLFAFFWISSPIIYFSTIKPIVAYPLYVFICLLTSLYFPFIFSPLIVQTWLSTRHHNKKIPLVLIAMSIVFLEMIAPRFFTWTFGSLMSSEQYVNQLSSIFGFHAISFFIFFTNLALSKAIINFLKNRLLFLLTIGSHLVIWFFIIVFGYYKVRKFDHSLQNLPTTRIAYVQPNFTFSSVASLQLPTEEAHSQSLSYLIRLSYEAIDKAIKADGRKPDLLVWPESATQSYFTLDYDEFNATKKLATATHVPILVQATKWDKQDLKLKSLEDVKVWSASFLIRPDGSLSKEYEKWIPMPFGENLPLENFFPSLGIAYRKIFTNASKLEVGKSYDALGYSEKHYVAPLICFDSIYAELPRLQAAKGKASIFVNQANFIWMVDSNAGLEFSVLNQFRAIENSRSLIMVTNSGPTMAFDPLGRVILPSTQILTQSTGFVDVPISEEATLYSIFSDWPLRILGGIALIWSFLIIRNKST
30eaaa665f2432c0e53efff1b54f875c-contig_1-1963094-1964062--	A0A369KLJ1	98.4	315	1	315	1	315	MLTLKSRILKYLALFLSAVMVSMGFPGYQFPTFNIGFILPFALIPLFIVIETLPKFYTITSNLKPHSIAFSARKRALHAFFAFWFFGFIVQLFAFFWISSPIIYFSTIKPIVAYPLYVFICLLTSLYFPFIFSPLIVQTWLSTRHHNKKIPLVLIAMSIVFLEMIAPRFFTWTFGSLMSSEQYVNQLSSIFGFHAISFFIFFTNLALSKAIINFLKNRLLFLLTIGSHLVIWFFIIVFGYYKVRKFDHSLQNLPTTRIAYVQPNFTFSSVASLQLPTEEAHSQSLSYLIRLSYEAIDKAIKADGRKPDLLVWPESATQSYFTLDYDEFNATKKLATATHVPILVQATKWDKQDLKLKSLEDVKVWSASFLIRPDGSLSKEYEKWIPMPFGENLPLENFFPSLGIAYRKIFTNASKLEVGKSYDALGYSEKHYVAPLICFDSIYAELPRLQAAKGKASIFVNQANFIWMVDSNAGLEFSVLNQFRAIENSRSLIMVTNSGPTMAFDPLGRVILPSTQILTQSTGFVDVPISEEATLYSIFSDWPLRILGGIALIWSFLIIRNKST
e9318c6561fd51d27dd5bff678a53d1e-contig_1-2039176-2039412-+	A0A369KPE6	97.4	78	1	78	118	195	MSTRDDHTEWTNLSYHKCENCTLDDKIIKKCPAALDVKEAMNHFKDVLSTDIIKTSVETENRTYLKTCDAQTALKSLLGVVMATSGCPILGEMKGMAYFHLPFASLEETIFRNVSTYLLKQYFNYKSGQNSDWNLEQIPDFFEKIQNVNLKFFERIKIASKADANLNAIVSFSSQSQIFSFALDEYLEEIKKLFI
7218cc9e79dd14529d56f98c54f47ecb-contig_1-2086953-2088947-+	A0A369KVP2	99.5	664	1	664	1	664	MPYYYKTQINKIKQLKTININKNNEEKYQNFAFVALFFKFVKEEYFFSSDFENFNSYLNKNDELFNTYLLNICALQKEILSNLLQNTSSYLKEYKELIKQTVTSPNTFVENAYLYSHKDFSFVRYLISDVENFKRNSGFIEDKQESTYCHFYFIQEVTGKRNSYGIFAFKKYDNRFFVLYDPHSGIKEYSFQEIAIFEDDFKNIIKTNNNSYCSFKIKFIANKKVFFNTKENFLKHLIYVSTKKYLNSIKDNIVKYNLGIGINNKEHHFVINYIKLYTKKTVTNDIEILNLFFENFYIFLENLVKENYTIQKTSFWLFFMLEYFYLNENYIYFKDSSKLCNSTIDSNIKENAHNLIYDKIKTSKHNEKQNIQLLFKFLVEHIYSEQFNYLPKNNFFPSIKLHNYFPIISKQEANKIGNAWLKTFECNSHSTCIDWNRQRVVFNGKLISKRCDHKADKYNASQQSPRHSPTLAVCREPSAPLETELKAHLFTVSECTEPDFANFCMFYCNQHSIFSIGHVLFNFLLHVQLPLSFSNRTAFINKVAKNCFEFNIITYFSRLEAYPDRPATIFKNPFEFAYGFLLVIENGQFKVSNFYIGMLNLKYLDNPEHKIITDFFRKILINQITIDFSEKNSQNQYINTKKTFLNYLQSHIKLQTKNYLAINV
305f43e5dcda3e9be7f5efa53c42a3a5-contig_1-2122278-2124161-+	A0A369KTY3	99.7	627	1	627	1	627	MFRSKSPIVRKTDKMTSFVTVLWRYLILSSGFWVTFSIICFIFLYNPDYGTNSKIDFFSSWLVTFQFLLVIIGVIIFSGIIGAMISIPSIILKIMMKIRVDKKINKGRQPIILIYLSTYFPILFCVFSHIIVLLISTSTAPQYMRNWFDDDYKIYKTQQKIYSKLFETKSSEINKKWEVIAKKISNDSNIVFLLPHHIVNKKNLLKETRSLLDFENKWIINSATKESMISSILSETEFPREDLFSPIKFDEIPKKNNKSQLNSLTFIGINGKSAFNFNNLFNNSYVNLNIQNSWFNVFLNRLALSQPHLLFFFKTGFITSSFQAWKWEYLINNNADLLSSYLNHINSKDSKIVHNNFLLYLTEFEANSEKNLLSSIDWPNNIKNYEVDYNIKKIDFYLSNSIKTLTKFNHKNIWIVPYNSKDNSIQLGVGFSNYNSNDNLMTSEILGQIIFQEENSQNCHSFTTNYDPIKVDKELLQKNNYLLDTLNQKKLGKPSISNKYYLIIKDSIKYGVFCQSSKTPPYLAIKNEEFFSKLINYQVFKNLNYQIFIANEKKLKSNDKDQSIQNKNQKIELNLNNFYRQFFIYKIQSDNAITFSEVSETEYAEFIKNYGTEVKNIFHSSINYLIK
4dc48ca9c29cef4ad6bcb69c0560369d-contig_1-2267785-2269056-+	A0A369KQH6	97.2	423	1	423	371	793	MNKLFKFLNFNNSLLIKKILKFINNQFPFKIGLTFTALCIFLLLNHYRYPRNSIDIVGYIERVLYDMRFELRGQKPMSGVVGVLAADDKSIEAFGRWPFPRGIYEKAFDNLKKSGVKWIGFDVFFTEPSHRLLEESIYEIEHLFQNKQLNYLNFKAELQNMLTYTPGDISLANSIHNYGSIVQGFYYIENYKQIISSKYDWKSSYERLKNSAIDFINFPTGMSINNYKYLYSPGVVTNTALISGQSKSMGFVNNAPDADGLIRASGLVKIINPIDSSQKTVGPPVMVPSLALALSANYLSSQIVINFDHTGIDSIDLYPTNNQNPLINIPTYYEGHGKLLINHYGNFVNIPQISLKDAYDNNLPKKIPEILILGGTGTGTNDKRPSPFDENFDGVGHHAAIVENIISQNFMKRPISAPFLEITLLLFSGIILSYLFKKSSALKSSLIIFSLIIIYYYIDNKYLFGNGNWYYSGMFYLQSLSLYFSISIFKYFIEEKEKKKVKVAFQHYLNPSVINQLIENPDKLKLGGEKKFLTVFFSDVRGFTTISESLSPEKLTALLNEYFTPMTKIILDSNGLLDKYIGDAIMAIWGAPIHLDDHADRAVHSSLKMLEELQILQNKWHEEQLPFLDIGIGLNTGEMVVGNMGSHKRFDYTVLGDSVNLGARLEGINKNYGTRIICSEFTKKSLIYPDKFLFRELDRIQVKGKSEPVRIYEVVDFNSVESSFKIKIIQRFEEGLALYREKNWDHAIQKFKDAILTNNGKDAPSEVFIKRCEYLKTNQIDNNWNGIWIFNSK
f6a698218bcec2fbff2839aec1738427-contig_1-2269075-2270064-+	A0A369KT47	99.7	321	1	321	1	321	MQKKIIISENKMLAFCSFGGAFEFYDFSLFAIMSGIIGQHFFNETIQSIALIKTFGIFAAGYIARFIGGFYFSHLGDTGGRKKPFMMTLFLMAIPTLGIALLPTYQQIGILAPIILMCLRIAQGFALGGEAPCAMAFIYESSNKNRRCFSISILFGSILLGSFFASLIYSILNSLMPKDIFNSWGWRLPFAIGGILGLIGIYLRKSLIETAEFINYKKNNSLPKIPFFELIKKDFLKIIFGIVLLLPSSTAFLYYLLISGNFLKNQYHFDQNFIENLNTIGFFINAISCIIFGKISDKLTAKKVYLTGIFSLFTLTIFSNYIFNLQNNLCLAVFIIFISIALGSCVGSVFSLLINMFAIHIRTSALALTMNTTNGIFIGLTPIIFAKIANTTNFNQFPSIYIMFLCLIAIISTIGIKKFKTQLANV
2ff5397ebf1c80bcc705085f3642bb69-contig_1-2328483-2331182--	A0A369KUS5	89.2	898	1	895	1	896	MLILCVSECTKDSLPDTKKNLSKLKQIARRTWIGNISDEELQDFRDLLIKNSSKKTAITCYKIDKYNDIKLLFHVGNKIHYNENGEYSYSITKMQHEVELYFKSDEEQFLLSILKLSALFHDLGQATVGFQEKLNNALSKNGNYKIKKDVVRHELVSCLIIYGIIKNNMDDNFIFQQLSNEENVHKCFSENSDNYLNIIKSSLNKYCKTAIRDPWPQFSNFLLSNSHQSKVIEYVLWLVLTHHKLPEAKDLRVCSGVKNFWRAEFVDSSKILEKELLEEFLNFLTLKEGKKPWDNTGTQSWCALVAKECGFIAKYLQNNLNNKSFIDTYVPNYLRPLLIISDYMGSEKKEKFLGDSLSLNSTIFTNTILQNDEKYYADTLDVHLNKVAHYTKVYFNSIFLNSEAFSAAMPLKSTKPENARFLWQHEVYHKIDQLKKENASAQVFCVLTSSSGSGKTRAIALACSAAAQDHKLRYSLGLGLRSLTLKTGSEYKKLYDESDVAVVVGDRLTREIWESQAENNDLMYDPQDGSSNSPQLLAELDDANFVIGGKSNNKSIPFLNKTQEVILSTPIVVATIDHLISGAEIIRGSESFMALRLMTSDLAIDEIDSFAASDLVSIGRLVYLTGFYGRNIVLSSASVQNIIVQKLYEAFLDGVKDRNLKNNNEQNIIVCLGSNYSSCSSAKLMPINNNDEFNKYYNEFLLNHCNYLKKSPEKHYAEFIEVKDKKNFEEENFNIVLNAAERMHLRHSYMVKNNSFRFSIGFVRWNRTHICRDFAKWLMDEEKSKSELKIAVFCYHSYLNFVDRRRVESFLDKGLKRSENCNDPEILLNSPEFQKWYEQNDFPKNVMMLVSTTSIQETGRDHDYDWTILDPCSTRSIVQASGRVLRHRPQCLPTGPNIGILRFSSQTWFESHSKKEKPNSWAYPGVETDAKLGVFSHFGWRALRKADYPKKDNIDYEVYRKVEEQLLNAGIELEIKKDIVITRIRDAEKAIFAEVAKKIDSSFCLLELKNYLDSPLTAVELIELREHLLKNFKNKYSLEEFIKNKKHRLTQNFFIKTRFRNNNFAIEDEYFPAYLNEKKWDRWLLKTKSNLPTHNNDFAVSMSIIEHNNVIKSKRNFFIDYNLSLELKELEKILLKEKNDDDNSKKLKKLASIKVPYYWKNKKLNYHPILGLGIRET
c32d638855a5c5a0011b7fb2773001ac-contig_1-2348024-2349196-+	A0A369KTF6	99.5	374	1	374	1	374	MKAFKMESSKFDIIILGAGAQATAFLSAIYHITKNIKKIHNLTIGIVDKQENYGCGVIYNEDYPWIIMNTPITDLSVELNNNLDFSDWLQENIELYCTVKTNNYVSRSVFGKYLNYKFNFYKNCLLKNGVLVETINGLAVNIEDNPINKDVIVTLHDKRSLLTKNLVIAIGKENSEDIYDLKKHSNYIHSPFPAFKKIAHFPKKSCVGIIGSNLTAIDVAVTLKHLNHQGKIIMSSRGGLLPEVKGKHLRAYPPKYALHKNYLKIFNNKKNDLTLLDILRPIRKELKNYNLNWRNIFFPKTLSPDNTQKFEQRVYEAINFPTNFNIILGMIPEIAKTWNLVKNSEIDLFIKKYHRFIHQKHGAIPLVNAKKILDLLKTEQLNLKGDILDIRYENNKFKIEYKNNDKTECDYIVNAMGTKKSACNNIFLTSPFKSLCQYNLINEVSGGGIITDFLTGKIQSKNNKYSPRIRAIAHNAEGSHPFINNFAWILESSHHVAEDLINEVLNAHKKY
7f382879414f737ddfc382ad0192b80a-contig_1-2355992-2356234-+	A0A369KT08	100	80	1	80	1	80	MIDFIFQKLILRRNPYITLLFIFLNVIYYIYICSVPSFSIQEIFYGPSYKSLVLHGAKENGLIAAGQIHRFFFPSSCMPI
86b4c0af1c09045c8e813ab20bb943fe-contig_1-2406625-2407671--	A0A369KNY5	97.4	348	1	348	1	348	MDKIQGATATPDRKFTLGVPEVGTHGTIVTAEWLNHVQDEICNVILSENMSLDDSASNQLSAAIKQKLNALKEGCEQDIVGFKTEVEQWKKQIQSTILTLAKESELKRLQAITDTDKTNLLQCFEILNNFNNEFVEKVLQFLKTLEQNYFIQDSRFTEVFNAYGTYVLKHVGAKLNESAFQRFLDTNYNPFINTTFKNHTHPQYEIKQAYYTGFIPQFQNKANTSLVPCNNLMHSNSKNITKITNLLHIPTFYLKHSGIYQIHFQLNQTAEQNSLGTLKFAFGKVTEGLFETKKLQTYPNTNGFYNLFFEENYFCPGNETVGFKIFAANSFTEFNVYAQISFIKLADF
ba374baf85aa0e31e66a218f470cc256-contig_1-2428805-2429065-+	A0A369KV56	98.8	85	2	86	83	167	MKAITKTKQIRISTVINAVKRMGNIPGLTDIELDRLEYFPEYFTEIVRQSAYTLARYKYVDNKYLNIHKVKYITVKEVLNEVLFTVDKCAEPFHVLIALKMIAPKIYSKIKINYLNPEDTILPLVINKATLPPRHVCIPRNRYYAELDDLKKIEKGFSLIIDIDLTA
edcbc8bcfd26b664c66e53499e1ac8ee-contig_1-2478976-2481381--	A0A369KV64	98.9	801	1	801	384	1184	MKLLKVELENLNSLYGRHSVDFEKDLQGAPIFLIIGPTGAGKSTLMDAMSLALFGQTPRLTKGKSEKDLENDSRQVMSRGTYFAFSQLIFSKREDNKIVKYRVTWQCERAYKKPDGNFKDPRRILECFNEDLSDWEQLISDTRPKFYEPIFNKVLENLTVEDFKRMVLLAQGEFAAFLKANEEERAAILERITNTEIYKNIGKKASEKKKIIEEKYNEINIKINGINILSFEIENDYKNKKQSISDEIKILDEKAKSIDYEINWRVKENELQKKLSEAEKSYQEYLENLKNNQDFLNRLSQFKKFQKSIELYFQENENKEKIGKIEIEINNKNNEILSLKDIIIFIKSNINQLFDYLQNEKKNFEEKKYEIDKAKELRSIKNTLTEDFNKKLEKLKNLEIEKSSVFLNKEFHIKNLRIANESKKEFENVLKNELSFLLLNYKKFLLDFEKIKAHFESIKRDLIAHSIPFENPHDKLNDLRNLKDKYFSEKIQIEKFAFYIEDLSRRESEENSLVEKLKAAQQSLLNANVNYLSQKEIINNENSEVANLKNDVTKLSWKIELAYQRKHLLPGEECPLCGSYEHPYFEDMSYKKADMEIISQHEFLSQQLLEKENFQNSMLSNLLEFEKNVQFYTHEIKSVENQKNSLTNVIQDKKNIILSALNLDSYSASKKSSDYFYQIYNKLEIKNKEEIEKVNVEIKFLTEKIEEYNKNKELYIESKEKNNKFIAFKQDLNDLMLYLIPDFKIDLFEKSLVSHSEFEKIYVFEDKRYYEKYRTIENNISLYTNKLNEFEKEYVLIEKNIQDRSLEVDEIKNKINNITKNINNFFGGEDPIKIEDKLNKSIIEKQNKFDQEKTILAEKEKIFAVLNNQKENYFHQLVNYRENLSSIKALLDSEIVKFGNLPKEEILNFNLSEIQFIEYNNVYNKLEELRISTTETKQQRYFDLENHKNHYSLNFVNSTLNDLYNNKNILDSDIKDKLKELGEITNILFINEQNKKKIEDYQQQNLEIQQEFVLWNKMHQLIGINNGENFKKFAQILNLEELIFKANYHLYRFDKRYTLAPALDAENKPRLAFAIQDSYHANALRSFKTLSGGETFLVSLALALALSEYRSIKMPIETLLLDEGFGTLDPETLQVAIGALESLHANGTQVGIISHVDSLREAIGTRIVVQKIGNGHSLLRVELN
97f6309709c58b9ad9c9d3888e32729b-contig_1-2538197-2538472-+	A0A369KQG8	83.8	99	1	91	1	99	MQDRLFEQAKETLYFLSHHPEERAAYTQRLKYLLDTASRIDDAEARGEAKGEARGIQIGEARGEHRKAIETAKKLKARDFSMIDIIDMTGLSPEEVENL
ae89ffeac64cac5ed81d56c21b254943-contig_1-2538914-2539258--	A0A369KNS0	100	114	1	114	1	114	MVRNLFQSGSLRFRTSEHNSGGKVIQISEHRLKAENKKTKLFSARMGQDSLARNLKQPQNTRFTTRSVVKTSEKPLKKPNIKFFILTGLFYAFAIGGIVFGLIVLLGGVPALFK
4e67b14dfa3361e3946aaf62615097ee-contig_1-2543973-2544461-+	A0A369KX89	88.9	162	1	162	1	162	MNSLEQIFKLSLYAYINYLNLKSNHIKQLNEKEFYNIIINNFNKYDDFFNNTKICPQLINTFLSQTQILCEYEAMTFMPDDIIDEYNDTKLNIEKTIDKIIYEISLQKHLKQENLNLLDRRLFIGFVNTFKEWTEDIKFFKNNDNDKFLLLQESPLISLCLF
14a4272e16433f916ddb63e687684d44-contig_1-2645680-2646195--	A0A369KZ23	98.8	171	1	171	1	171	MADIFISNKIDLSTRSTKVRAGKNRRSTRKSEYFSRLQVPLELALNEVTYSMSATHKWIKLCITYVDFVAPCELLREPGRLMRLLSEHPSGLKRDEMLSKFYEQYEEASLLRKESFRICLEKIVQRARVIFSKYDLTIQYCKETKRYLIQPLFILSKAEKNVLNDKKGGKN
49459330566ccc447e1fd9e62aaf402e-contig_1-2711767-2712318--	A0A369KUX7	100	182	2	183	117	298	MTFLSLKAWLLASRPKTLVAAVTPIIVASAAAFSTLKNTNQHVVLIYSLLAFLAAIFIQIGTNFINDALDFKKGADTETRLGPKRVTQSGIFSARKVIIAGFICFFLAVLISLPLVLKGGIPILVIGILSLICAYIYTGGPYPLAYIGLGEVFVVLFFGIVAVNGLFYILTNSIGLPSLVAGVQVGLMATVMIAINNFRDYESDKLVGKMTLAARFGKKFARIEIIFLYLVSYLLCGFWVMTNNYLVGLLPLLTLPFSWIVIKGIYKKNPSKEFNKYLAISALTQLLFGIFMLLGFLM
41304538a5222058def230ae09be550c-contig_1-2733612-2734682--	A0A369KYA5	90.7	356	1	356	209	564	MQNRELLKPVLFSDMLSSHHDSGLNYLNAKKGFLSWLFTVDHKRIGVMYFISISIFFLVAGLFALLLRTELMQVRIPNATANSYMITADHYNEAFTFHGAIMVFLVIIPSVPATLGNFLLPLMIGAKDVAFPKLNLISYHLYIVGALFLVYTIAFGGLDTGWTFYTPYSTQTSTSVIAAVFGAFILGMASILTGVNFIVTVHKMRAPGMTWVRMPLFVWAIYATSVIQVLATPVVGVTLILVAIERLLGIGIFDSNLGGDPILFQNFFWFYSHPAVYIMILPAFGIMSELITIHSRKSIFGYKAVAISSIGIAVIGFFVWGHHMFTSGQSALATVFFSILTYGVAVPTAIKVFSWVATLYKGSISFTTPMCYAFVFLFLFLIGGLTGIFLGSLSTDVHLHNTYFVVAHFHYVMMGGTIIAWIGGVYHWWPKITGKKFSQTWGNISAVVVFIGFNLTFFPQFIMGSRGMPRRYYDYLPEYYTFHVLSTIGSYVLSIGLFIVLFNWIHSIFYGENETKTNPWKGKSMEWTETAVVPIEHNFEQQPISKHGPYEFDELVKPAKAGGH
3c0b667b8d207c50918f87a920bb7c30-contig_1-2765733-2766401-+	A0A369KRW8	87.6	209	1	209	1	209	MRALFSFKTIKKVNRAPLIKKIQDTYISMCVTLTIILSLIFYSNIEKRFSESDSIFIYITFIKIVAILILILMFLINKIIRQCISPIINLINHFKSSSELKEIEISYDHSQEIIDLYNIINSSIKRINEYQQQSLQNEKNAAIAMTTQMVAHDVRKPFSMLKCTVDLLLKCKTQEEFKKIIDTFLPSIEKSITKVNGFITDIMEIGSNSEELHQNSIEIIPFLENIIKDTFLLNSRAFVEMEYQFNHDRKIFINPHKMERVFANILENALQAMKYQGKIWIHTKDVIEKNKVFVEFCIGNNNSYIEKNNIQNLFKTFYTLKQNGTGLGLAIAEKVIQEHGGTIWCISEKNEKNPKGKVEFKFTIPATDLDFCIDINQYSLPLHSSELHQIKNDFDTLNNRN
3bb21ffe82de109839be6110220b05d3-contig_1-2767653-2768138-+	A0A369KRW8	99.4	161	1	161	241	401	MRALFSFKTIKKVNRAPLIKKIQDTYISMCVTLTIILSLIFYSNIEKRFSESDSIFIYITFIKIVAILILILMFLINKIIRQCISPIINLINHFKSSSELKEIEISYDHSQEIIDLYNIINSSIKRINEYQQQSLQNEKNAAIAMTTQMVAHDVRKPFSMLKCTVDLLLKCKTQEEFKKIIDTFLPSIEKSITKVNGFITDIMEIGSNSEELHQNSIEIIPFLENIIKDTFLLNSRAFVEMEYQFNHDRKIFINPHKMERVFANILENALQAMKYQGKIWIHTKDVIEKNKVFVEFCIGNNNSYIEKNNIQNLFKTFYTLKQNGTGLGLAIAEKVIQEHGGTIWCISEKNEKNPKGKVEFKFTIPATDLDFCIDINQYSLPLHSSELHQIKNDFDTLNNRN
